{
    "TPR": 0.881600022315979,
    "FPR": 0.2231999933719635
}