{
    "TPR": 0.8880000114440918,
    "FPR": 0.10520000010728836
}