{
    "TPR": 0.5479999780654907,
    "FPR": 0.4163999855518341
}