{
    "TPR": 0.553600013256073,
    "FPR": 0.4291999936103821
}