{
    "TPR": 0.9556000232696533,
    "FPR": 0.07800000160932541
}