{
    "TPR": 0.9408000111579895,
    "FPR": 0.5099999904632568
}