{
    "TPR": 0.9567999839782715,
    "FPR": 0.07320000231266022
}