{
    "TPR": 0.5460000038146973,
    "FPR": 0.42320001125335693
}