{
    "TPR": 0.5667999982833862,
    "FPR": 0.41920000314712524
}